term,estimate,std.error,statistic,p.value
(Intercept),162930.16140699814,7642.244004917851,21.31967538620216,3.35881099726018e-83
sqft,54.158639688530954,4.876524153610528,11.105992297491742,4.433056844559743e-27
